feature,RMSE,accuracy,score
Bias_3_6,17.9869,0.355556,8.2464697915
Bias_ma,21.2473,0.466667,9.5076500119
cmo,22.7106,0.355556,7.2181153601
d,21.0175,0.466667,9.6283137351
